id,username,email,created_at
1,forestkernel99,forestkernel99@hackstack.io,2025-09-08 02:40:23
2,emberorbit94,emberorbit94@example.com,2025-04-21 13:28:42
3,youngisland48,youngisland48@relay.cloud,2024-05-16 04:35:19
4,tidyharvest14,tidyharvest14@seeded.app,2025-05-30 18:05:10
5,forestkernel20,forestkernel20@example.com,2025-07-06 23:51:26
6,opalvalley71,opalvalley71@example.com,2025-10-17 05:51:35
7,opalfield26,opalfield26@hackstack.io,2025-02-18 03:27:52
8,tidytrail09,tidytrail09@acme.dev,2024-06-08 22:50:53
9,vividharvest96,vividharvest96@hackstack.io,2024-07-01 06:55:40
10,opalquartz92,opalquartz92@acme.dev,2025-08-05 10:31:50
11,forestyard03,forestyard03@seeded.app,2025-02-27 16:49:48
12,emberkernel26,emberkernel26@relay.cloud,2025-02-19 11:38:15
13,urbanjourney68,urbanjourney68@relay.cloud,2026-01-06 03:38:13
14,livelybeacon75,livelybeacon75@acme.dev,2025-12-28 04:01:38
15,tidyvalley26,tidyvalley26@example.com,2024-07-01 16:45:22
16,harborsignal76,harborsignal76@example.com,2024-05-27 07:44:42
17,embervalley02,embervalley02@opswise.net,2025-08-22 15:39:58
18,livelyisland08,livelyisland08@acme.dev,2024-12-19 11:45:27
19,tidycanyon70,tidycanyon70@example.com,2024-12-15 16:33:51
20,younguplink38,younguplink38@hackstack.io,2024-01-14 20:02:17
21,forestvalley11,forestvalley11@hackstack.io,2024-11-20 01:45:27
22,forestanchor89,forestanchor89@seeded.app,2025-03-21 14:44:37
23,mellowcanyon55,mellowcanyon55@relay.cloud,2024-05-25 22:12:39
24,tidyharvest88,tidyharvest88@opswise.net,2025-01-12 07:31:19
25,navykernel40,navykernel40@seeded.app,2024-09-20 01:20:57
26,amberharvest58,amberharvest58@opswise.net,2024-06-16 21:14:26
27,calmyard28,calmyard28@example.com,2024-06-23 14:22:28
28,navyquartz02,navyquartz02@acme.dev,2024-12-18 12:39:33
29,calmcanyon86,calmcanyon86@opswise.net,2024-07-06 16:17:41
30,harbornetwork90,harbornetwork90@acme.dev,2024-08-27 07:04:54
31,quietwindow07,quietwindow07@acme.dev,2025-01-22 05:50:06
32,mellowkernel00,mellowkernel00@opswise.net,2024-08-05 12:22:26
33,dawnnetwork92,dawnnetwork92@hackstack.io,2024-06-22 19:11:05
34,proudgarden70,proudgarden70@hackstack.io,2025-05-04 08:34:07
35,urbanzenith51,urbanzenith51@opswise.net,2025-01-08 09:13:32
36,emberzenith52,emberzenith52@example.com,2025-12-06 20:27:16
37,warmorbit64,warmorbit64@acme.dev,2025-08-30 20:30:43
38,livelydelta48,livelydelta48@example.com,2024-11-20 09:20:52
39,proudisland89,proudisland89@example.com,2024-06-07 06:10:04
40,opaltrail45,opaltrail45@opswise.net,2024-02-28 09:52:14
41,livelyjourney81,livelyjourney81@acme.dev,2024-11-09 05:47:03
42,rapidsignal59,rapidsignal59@example.com,2024-10-31 08:55:54
43,ivorytrail68,ivorytrail68@acme.dev,2025-11-19 13:07:39
44,warmwindow53,warmwindow53@opswise.net,2024-10-12 00:19:30
45,rapiduplink84,rapiduplink84@seeded.app,2025-06-30 23:09:35
46,ivorypioneer70,ivorypioneer70@hackstack.io,2024-11-23 02:37:02
47,urbanuplink83,urbanuplink83@example.com,2024-07-30 04:41:25
48,forestharvest46,forestharvest46@seeded.app,2024-03-20 05:00:39
49,proudisland41,proudisland41@opswise.net,2025-03-17 05:38:25
50,silverdelta74,silverdelta74@relay.cloud,2024-03-12 22:30:56
51,livelyuplink02,livelyuplink02@example.com,2025-05-12 23:02:11
52,youngwindow51,youngwindow51@acme.dev,2025-11-05 00:53:23
53,forestgarden75,forestgarden75@acme.dev,2024-06-22 06:57:45
54,opaldelta83,opaldelta83@opswise.net,2025-06-07 07:24:43
55,urbanlagoon75,urbanlagoon75@opswise.net,2024-06-15 15:46:20
56,goldpioneer29,goldpioneer29@hackstack.io,2025-05-04 10:51:30
57,navynetwork90,navynetwork90@hackstack.io,2024-07-22 19:53:54
58,silverzenith64,silverzenith64@relay.cloud,2024-12-05 23:43:16
59,quietmeadow66,quietmeadow66@acme.dev,2024-05-17 08:11:41
60,mellowjourney62,mellowjourney62@example.com,2024-07-11 00:49:08
61,clearvalley01,clearvalley01@relay.cloud,2025-10-18 13:25:47
62,opalzenith25,opalzenith25@hackstack.io,2026-01-08 18:31:48
63,keenanchor12,keenanchor12@opswise.net,2025-01-31 09:21:27
64,ivoryfield79,ivoryfield79@acme.dev,2025-04-24 02:53:58
65,dawnkernel59,dawnkernel59@example.com,2025-12-09 01:00:47
66,tidyuplink22,tidyuplink22@acme.dev,2024-09-06 18:20:58
67,youngquartz14,youngquartz14@opswise.net,2026-01-04 18:55:18
68,clearuplink78,clearuplink78@example.com,2025-12-18 09:02:07
69,opalwindow21,opalwindow21@acme.dev,2025-10-14 11:17:51
70,quietharvest28,quietharvest28@acme.dev,2024-05-18 03:57:51
71,tidyanchor93,tidyanchor93@seeded.app,2025-08-17 13:12:47
72,rapidharvest07,rapidharvest07@opswise.net,2024-12-23 13:04:19
73,calmisland14,calmisland14@example.com,2024-02-24 04:58:05
74,jadesignal78,jadesignal78@seeded.app,2025-05-19 22:14:29
75,quietmeadow65,quietmeadow65@opswise.net,2024-01-01 07:47:00
76,livelykernel02,livelykernel02@hackstack.io,2024-08-05 15:57:45
77,opalpioneer87,opalpioneer87@hackstack.io,2024-08-12 13:59:08
78,clearriver86,clearriver86@relay.cloud,2025-12-22 22:19:59
79,opalquartz51,opalquartz51@example.com,2025-07-07 17:29:33
80,navyriver94,navyriver94@example.com,2024-12-05 00:11:11
81,rapidmeadow24,rapidmeadow24@acme.dev,2024-05-15 05:49:41
82,tidyjourney26,tidyjourney26@example.com,2025-09-05 02:31:35
83,warmvalley26,warmvalley26@hackstack.io,2026-01-28 14:45:29
84,cobaltanchor12,cobaltanchor12@hackstack.io,2025-08-23 12:53:46
85,dawnmeadow52,dawnmeadow52@hackstack.io,2025-01-24 15:26:43
86,dawnvalley40,dawnvalley40@hackstack.io,2024-03-29 16:33:59
87,silveranchor42,silveranchor42@opswise.net,2025-06-26 03:45:57
88,opalpioneer57,opalpioneer57@relay.cloud,2025-01-22 00:38:55
89,opalquartz47,opalquartz47@hackstack.io,2025-07-30 19:18:42
90,cobaltlagoon60,cobaltlagoon60@seeded.app,2024-04-05 12:14:30
91,urbansignal79,urbansignal79@seeded.app,2026-01-05 19:51:54
92,silverpioneer30,silverpioneer30@acme.dev,2025-11-24 09:37:12
93,cleargarden70,cleargarden70@hackstack.io,2024-07-07 20:25:29
94,rapidlagoon12,rapidlagoon12@hackstack.io,2025-04-25 16:17:24
95,tidylagoon88,tidylagoon88@relay.cloud,2025-09-21 09:03:19
96,opallagoon39,opallagoon39@opswise.net,2026-01-21 01:40:57
97,emberpioneer38,emberpioneer38@acme.dev,2024-09-18 17:59:09
98,dawnlagoon31,dawnlagoon31@opswise.net,2025-10-21 12:23:57
99,vividanchor30,vividanchor30@example.com,2024-04-21 21:54:30
100,calmorbit14,calmorbit14@relay.cloud,2025-05-29 08:34:03
101,ambercanyon17,ambercanyon17@seeded.app,2025-01-10 15:44:33
102,brisktrail98,brisktrail98@acme.dev,2025-03-09 20:27:50
103,amberpioneer62,amberpioneer62@hackstack.io,2025-12-03 14:07:33
104,silveruplink77,silveruplink77@example.com,2024-06-02 18:26:08
105,harborpioneer06,harborpioneer06@hackstack.io,2025-05-15 01:54:39
106,ivoryharvest37,ivoryharvest37@acme.dev,2024-02-11 13:53:40
107,calmcanyon92,calmcanyon92@hackstack.io,2024-09-07 10:08:40
108,vividharvest07,vividharvest07@acme.dev,2025-10-05 12:45:14
109,livelywindow77,livelywindow77@example.com,2025-09-26 14:54:56
110,opalquartz89,opalquartz89@opswise.net,2025-12-02 01:38:03
111,livelytrail78,livelytrail78@seeded.app,2025-06-06 21:45:50
112,amberisland51,amberisland51@seeded.app,2024-06-16 23:47:31
113,mellowgarden46,mellowgarden46@hackstack.io,2025-09-29 02:26:13
114,briskfield48,briskfield48@acme.dev,2025-06-12 20:29:40
115,ivorycanyon92,ivorycanyon92@seeded.app,2025-09-14 15:16:38
116,warmlagoon41,warmlagoon41@example.com,2024-06-09 19:31:25
117,tidyisland23,tidyisland23@acme.dev,2025-10-13 04:46:57
118,jadeyard80,jadeyard80@example.com,2024-12-21 19:19:56
119,silvergarden60,silvergarden60@example.com,2024-08-10 21:02:23
120,calmmeadow49,calmmeadow49@opswise.net,2024-01-27 03:38:31
121,tidyanchor90,tidyanchor90@relay.cloud,2024-09-21 03:29:57
122,tidyyard03,tidyyard03@seeded.app,2025-01-22 10:51:46
123,quietvalley06,quietvalley06@hackstack.io,2024-07-28 04:16:58
124,briskwindow11,briskwindow11@seeded.app,2024-05-21 07:54:25
125,proudharvest29,proudharvest29@seeded.app,2024-03-21 10:58:40
126,keenwindow60,keenwindow60@relay.cloud,2025-06-24 20:54:35
127,jadevalley44,jadevalley44@hackstack.io,2025-02-28 20:16:41
128,amberlagoon02,amberlagoon02@opswise.net,2025-05-04 15:57:23
129,mellowvalley63,mellowvalley63@hackstack.io,2025-04-19 17:13:02
130,vividtrail58,vividtrail58@opswise.net,2024-09-17 10:24:06
131,clearmeadow93,clearmeadow93@acme.dev,2024-01-16 12:14:47
132,jadepioneer51,jadepioneer51@seeded.app,2025-05-31 19:19:45
133,opalquartz30,opalquartz30@hackstack.io,2026-01-15 13:54:36
134,opalriver80,opalriver80@acme.dev,2024-09-12 13:49:54
135,keenriver04,keenriver04@seeded.app,2024-11-07 00:19:16
136,ivoryorbit92,ivoryorbit92@seeded.app,2025-06-06 21:13:45
137,goldsignal84,goldsignal84@opswise.net,2024-05-12 09:06:52
138,dawncanyon97,dawncanyon97@example.com,2025-10-21 14:40:41
139,goldquartz21,goldquartz21@acme.dev,2024-03-24 22:56:43
140,forestuplink82,forestuplink82@seeded.app,2025-03-02 16:19:21
141,vividtrail94,vividtrail94@hackstack.io,2024-02-16 09:37:37
142,clearzenith04,clearzenith04@relay.cloud,2024-04-16 08:53:53
143,keencanyon46,keencanyon46@seeded.app,2025-07-07 01:25:50
144,ivorycanyon41,ivorycanyon41@example.com,2024-11-22 04:15:39
145,jadezenith75,jadezenith75@opswise.net,2025-03-09 14:09:25
146,calmjourney91,calmjourney91@seeded.app,2024-08-04 00:38:22
147,calmkernel52,calmkernel52@hackstack.io,2025-03-25 17:07:17
148,ambervalley38,ambervalley38@relay.cloud,2024-08-18 17:16:38
149,mellowuplink06,mellowuplink06@hackstack.io,2025-08-03 23:40:43
150,tidytrail27,tidytrail27@opswise.net,2024-10-14 03:27:18
151,clearisland82,clearisland82@hackstack.io,2025-10-25 00:26:18
152,dawnengine58,dawnengine58@hackstack.io,2025-04-23 21:43:00
153,jadeengine87,jadeengine87@acme.dev,2024-01-08 22:08:38
154,youngyard11,youngyard11@hackstack.io,2024-05-06 20:18:31
155,proudvalley83,proudvalley83@example.com,2025-08-27 16:39:56
156,rapidtrail24,rapidtrail24@example.com,2024-08-28 03:28:12
157,rapidanchor79,rapidanchor79@example.com,2025-05-01 02:44:04
158,briskwindow46,briskwindow46@hackstack.io,2024-06-01 16:27:11
159,emberisland47,emberisland47@example.com,2024-09-13 20:37:35
160,quietquartz57,quietquartz57@hackstack.io,2024-05-22 02:10:22
161,warmquartz88,warmquartz88@seeded.app,2024-08-08 10:28:10
162,mellowisland62,mellowisland62@opswise.net,2025-08-27 07:52:50
163,harbortrail53,harbortrail53@opswise.net,2024-03-07 01:07:42
164,amberdelta61,amberdelta61@acme.dev,2024-09-07 23:01:01
165,proudzenith92,proudzenith92@hackstack.io,2025-01-01 20:45:22
166,harborengine26,harborengine26@relay.cloud,2024-01-21 19:28:58
167,opalfield47,opalfield47@acme.dev,2024-07-11 17:40:26
168,ivoryyard25,ivoryyard25@hackstack.io,2024-08-17 14:34:34
169,quietbeacon17,quietbeacon17@seeded.app,2024-10-22 13:24:54
170,urbanpioneer16,urbanpioneer16@relay.cloud,2025-12-04 02:09:02
171,jadegarden62,jadegarden62@opswise.net,2024-07-07 09:27:24
172,vividuplink85,vividuplink85@hackstack.io,2024-01-07 11:01:55
173,youngfield88,youngfield88@seeded.app,2024-06-09 06:50:17
174,dawnbeacon40,dawnbeacon40@seeded.app,2025-06-03 11:51:22
175,dawnmeadow84,dawnmeadow84@seeded.app,2024-01-22 02:51:59
176,emberorbit83,emberorbit83@acme.dev,2024-09-29 10:16:55
177,rapidriver94,rapidriver94@opswise.net,2025-05-03 05:30:55
178,dawnsignal16,dawnsignal16@seeded.app,2025-02-26 06:15:27
179,quietfield50,quietfield50@acme.dev,2024-06-12 06:06:19
180,warmgarden01,warmgarden01@relay.cloud,2025-07-19 01:06:19
181,livelymeadow91,livelymeadow91@relay.cloud,2024-08-21 20:20:19
182,ambernetwork73,ambernetwork73@acme.dev,2024-11-15 21:55:18
183,amberquartz72,amberquartz72@opswise.net,2025-08-14 03:29:55
184,mellowbeacon88,mellowbeacon88@relay.cloud,2024-10-12 10:32:26
185,opalengine42,opalengine42@seeded.app,2025-12-20 15:17:25
186,navysignal71,navysignal71@example.com,2025-03-13 07:47:10
187,cobaltuplink43,cobaltuplink43@relay.cloud,2025-06-12 04:55:37
188,rapidnetwork93,rapidnetwork93@relay.cloud,2025-11-19 17:06:56
189,youngkernel80,youngkernel80@opswise.net,2025-05-17 16:36:24
190,emberengine13,emberengine13@hackstack.io,2024-07-28 19:49:58
191,livelylagoon05,livelylagoon05@opswise.net,2025-06-03 17:30:34
192,cobaltorbit64,cobaltorbit64@acme.dev,2024-11-19 15:34:49
193,vividharvest57,vividharvest57@example.com,2025-08-15 10:27:07
194,harborwindow41,harborwindow41@opswise.net,2025-10-09 07:51:49
195,navydelta93,navydelta93@opswise.net,2024-09-25 23:22:01
196,keennetwork10,keennetwork10@example.com,2024-01-04 10:51:41
197,cobaltmeadow28,cobaltmeadow28@acme.dev,2024-07-21 04:23:52
198,dawnisland41,dawnisland41@seeded.app,2024-06-30 06:14:28
199,tidyquartz54,tidyquartz54@relay.cloud,2025-05-09 17:34:21
200,clearvalley70,clearvalley70@relay.cloud,2025-10-14 19:47:57
201,youngzenith33,youngzenith33@relay.cloud,2025-07-17 10:14:47
202,jadeanchor90,jadeanchor90@example.com,2024-10-04 16:00:50
203,goldriver96,goldriver96@example.com,2025-12-17 08:46:14
204,silveryard52,silveryard52@opswise.net,2025-09-20 06:22:07
205,goldyard75,goldyard75@acme.dev,2025-06-03 12:02:00
206,briskengine07,briskengine07@opswise.net,2025-02-07 06:21:38
207,forestlagoon91,forestlagoon91@example.com,2024-07-16 05:11:52
208,rapidpioneer10,rapidpioneer10@opswise.net,2025-09-17 21:00:13
209,urbansignal23,urbansignal23@example.com,2025-07-28 12:48:10
210,silverfield21,silverfield21@example.com,2024-12-27 02:56:05
211,vividgarden68,vividgarden68@example.com,2025-01-25 17:17:47
212,navyorbit18,navyorbit18@hackstack.io,2025-03-27 09:24:28
213,amberharvest04,amberharvest04@example.com,2025-05-29 10:46:07
214,amberharvest61,amberharvest61@relay.cloud,2025-07-14 22:03:47
215,keenengine71,keenengine71@hackstack.io,2024-03-21 20:04:17
216,clearisland13,clearisland13@acme.dev,2024-03-22 09:34:12
217,amberharvest12,amberharvest12@opswise.net,2024-12-25 05:48:17
218,dawnwindow26,dawnwindow26@relay.cloud,2024-11-25 14:25:31
219,livelygarden06,livelygarden06@example.com,2024-06-06 16:01:22
220,jadeengine99,jadeengine99@opswise.net,2024-12-02 12:49:39
221,clearuplink98,clearuplink98@hackstack.io,2025-06-24 02:46:34
222,mellownetwork33,mellownetwork33@hackstack.io,2025-04-07 12:09:19
223,calmdelta85,calmdelta85@seeded.app,2024-08-29 22:04:35
224,briskfield00,briskfield00@seeded.app,2025-01-28 21:14:04
225,vividdelta10,vividdelta10@opswise.net,2024-06-13 14:34:30
226,livelyisland62,livelyisland62@relay.cloud,2024-06-06 06:10:24
227,keenfield38,keenfield38@hackstack.io,2025-04-04 16:17:59
228,cobaltwindow06,cobaltwindow06@seeded.app,2024-07-04 22:10:09
229,quietdelta53,quietdelta53@opswise.net,2024-08-07 06:46:28
230,quietharvest85,quietharvest85@example.com,2025-07-16 19:33:28
231,urbanwindow75,urbanwindow75@acme.dev,2025-08-22 08:35:03
232,youngfield64,youngfield64@acme.dev,2024-04-06 06:28:28
233,warmisland83,warmisland83@acme.dev,2024-10-06 19:19:00
234,calmzenith29,calmzenith29@opswise.net,2025-08-02 21:56:36
235,urbandelta71,urbandelta71@relay.cloud,2025-09-23 16:54:48
236,mellowlagoon73,mellowlagoon73@example.com,2024-01-24 12:04:44
237,emberisland40,emberisland40@acme.dev,2025-01-12 21:54:42
238,harborriver58,harborriver58@opswise.net,2024-12-23 10:10:03
239,mellowmeadow64,mellowmeadow64@relay.cloud,2024-03-19 13:56:31
240,forestorbit31,forestorbit31@relay.cloud,2025-02-11 15:38:51
241,youngharvest65,youngharvest65@hackstack.io,2025-12-12 00:17:16
242,cobaltyard10,cobaltyard10@acme.dev,2024-11-10 00:44:45
243,forestkernel75,forestkernel75@relay.cloud,2024-08-21 21:20:17
244,vividfield00,vividfield00@seeded.app,2024-07-09 03:56:36
245,rapidisland84,rapidisland84@hackstack.io,2025-01-06 21:43:25
246,cobalttrail33,cobalttrail33@example.com,2025-12-02 17:06:28
247,calmkernel03,calmkernel03@opswise.net,2024-03-03 23:24:34
248,ambernetwork96,ambernetwork96@acme.dev,2025-12-10 18:18:21
249,dawndelta34,dawndelta34@hackstack.io,2024-08-18 13:22:06
250,vividisland49,vividisland49@hackstack.io,2025-10-01 06:00:16
251,calmyard74,calmyard74@seeded.app,2025-10-16 13:10:28
252,cobaltmeadow65,cobaltmeadow65@example.com,2024-11-23 23:28:25
253,proudkernel05,proudkernel05@example.com,2025-09-12 00:59:45
254,keenjourney00,keenjourney00@example.com,2024-01-01 08:10:44
255,mellowzenith56,mellowzenith56@hackstack.io,2024-10-07 12:50:46
256,ivorynetwork55,ivorynetwork55@hackstack.io,2024-05-21 09:01:19
257,proudyard22,proudyard22@relay.cloud,2024-08-10 01:30:39
258,dawnjourney77,dawnjourney77@acme.dev,2024-07-14 08:49:54
259,jadequartz66,jadequartz66@seeded.app,2024-04-24 02:48:42
260,mellowdelta49,mellowdelta49@hackstack.io,2025-11-25 19:14:08
261,cobaltriver90,cobaltriver90@relay.cloud,2024-05-20 21:37:19
262,ivorycanyon21,ivorycanyon21@acme.dev,2025-03-27 09:28:55
263,harborquartz38,harborquartz38@opswise.net,2024-11-22 05:46:30
264,harborsignal14,harborsignal14@hackstack.io,2024-01-23 23:39:31
265,ivoryanchor81,ivoryanchor81@seeded.app,2025-08-15 10:38:11
266,mellowbeacon58,mellowbeacon58@seeded.app,2025-06-12 07:10:51
267,goldisland51,goldisland51@acme.dev,2025-09-23 02:52:41
268,forestorbit57,forestorbit57@hackstack.io,2025-12-06 12:20:02
269,quietwindow18,quietwindow18@acme.dev,2024-06-17 18:34:31
270,calmfield95,calmfield95@acme.dev,2025-11-30 04:13:26
271,quiettrail38,quiettrail38@opswise.net,2024-11-15 18:37:37
272,ivoryorbit24,ivoryorbit24@hackstack.io,2025-04-08 15:04:15
273,dawnnetwork32,dawnnetwork32@hackstack.io,2025-08-23 22:54:33
274,calmzenith40,calmzenith40@acme.dev,2024-01-04 01:09:41
275,calmgarden41,calmgarden41@hackstack.io,2024-08-15 02:20:28
276,opalbeacon09,opalbeacon09@example.com,2025-04-23 00:58:07
277,cobaltzenith50,cobaltzenith50@opswise.net,2024-11-14 02:41:31
278,vividfield16,vividfield16@hackstack.io,2024-04-24 08:52:28
279,cobaltyard86,cobaltyard86@seeded.app,2024-09-27 00:08:43
280,warmkernel01,warmkernel01@relay.cloud,2025-07-03 04:04:01
281,jadezenith52,jadezenith52@hackstack.io,2024-03-05 14:10:50
282,mellowmeadow56,mellowmeadow56@acme.dev,2025-02-13 10:29:31
283,opalkernel27,opalkernel27@example.com,2024-05-07 16:57:10
284,keenbeacon62,keenbeacon62@opswise.net,2026-01-06 12:54:39
285,mellowgarden55,mellowgarden55@opswise.net,2024-03-20 07:48:46
286,livelyjourney29,livelyjourney29@hackstack.io,2025-07-18 16:18:09
287,warmnetwork36,warmnetwork36@hackstack.io,2025-10-22 13:10:42
288,calmpioneer20,calmpioneer20@opswise.net,2024-02-28 09:53:03
289,keenkernel42,keenkernel42@seeded.app,2025-03-06 04:26:33
290,dawnbeacon11,dawnbeacon11@seeded.app,2026-01-02 20:35:43
291,navyfield78,navyfield78@hackstack.io,2025-07-20 09:26:04
292,forestvalley95,forestvalley95@hackstack.io,2025-11-07 18:32:17
293,clearorbit78,clearorbit78@acme.dev,2024-07-24 17:50:01
294,keenanchor73,keenanchor73@relay.cloud,2025-04-28 20:45:29
295,clearnetwork16,clearnetwork16@acme.dev,2025-10-01 02:09:21
296,tidyyard31,tidyyard31@hackstack.io,2024-08-17 12:05:50
297,clearlagoon48,clearlagoon48@relay.cloud,2024-03-17 04:06:14
298,keengarden81,keengarden81@example.com,2025-07-06 22:20:18
299,opalriver99,opalriver99@seeded.app,2025-12-24 19:19:24
300,navyharvest58,navyharvest58@seeded.app,2024-03-09 18:13:58
301,brisktrail45,brisktrail45@relay.cloud,2024-10-20 13:11:30
302,youngorbit80,youngorbit80@opswise.net,2025-12-14 07:17:22
303,calmkernel56,calmkernel56@example.com,2024-10-17 09:09:01
304,youngvalley23,youngvalley23@relay.cloud,2024-01-24 17:02:45
305,emberbeacon74,emberbeacon74@opswise.net,2025-10-02 06:51:06
306,rapiddelta77,rapiddelta77@relay.cloud,2025-03-15 13:06:15
307,livelynetwork19,livelynetwork19@relay.cloud,2024-11-08 19:22:31
308,livelyanchor40,livelyanchor40@opswise.net,2026-01-29 05:23:23
309,amberpioneer31,amberpioneer31@hackstack.io,2024-07-05 00:43:42
310,amberpioneer56,amberpioneer56@seeded.app,2025-10-15 09:02:08
311,amberriver94,amberriver94@seeded.app,2024-04-26 04:47:29
312,cobaltengine60,cobaltengine60@relay.cloud,2025-03-23 02:27:32
313,cobalttrail03,cobalttrail03@opswise.net,2025-03-25 23:19:08
314,dawnyard19,dawnyard19@acme.dev,2024-01-24 00:57:10
315,goldzenith44,goldzenith44@relay.cloud,2025-06-10 14:12:16
316,mellowzenith72,mellowzenith72@hackstack.io,2025-11-30 02:48:02
317,opalkernel54,opalkernel54@opswise.net,2024-11-04 19:06:14
318,livelybeacon58,livelybeacon58@seeded.app,2026-01-16 23:51:10
319,quietkernel65,quietkernel65@acme.dev,2024-01-19 02:07:27
320,urbanmeadow79,urbanmeadow79@hackstack.io,2024-07-20 23:05:30
321,emberjourney36,emberjourney36@example.com,2025-05-03 01:07:01
322,warmharvest71,warmharvest71@example.com,2025-11-30 10:52:06
323,livelywindow73,livelywindow73@relay.cloud,2025-01-28 20:09:09
324,clearnetwork94,clearnetwork94@relay.cloud,2025-10-18 10:23:53
325,amberuplink88,amberuplink88@opswise.net,2025-09-19 09:11:30
326,silverquartz85,silverquartz85@acme.dev,2025-09-27 15:22:18
327,mellowfield13,mellowfield13@acme.dev,2024-06-23 11:23:20
328,harboryard56,harboryard56@seeded.app,2024-02-06 21:01:45
329,clearriver93,clearriver93@acme.dev,2025-05-04 02:01:36
330,ivorytrail53,ivorytrail53@example.com,2025-02-09 01:47:29
331,ivoryharvest63,ivoryharvest63@opswise.net,2024-03-11 04:39:52
332,warmpioneer43,warmpioneer43@seeded.app,2025-11-21 12:18:10
333,silverwindow63,silverwindow63@hackstack.io,2025-08-11 07:31:29
334,mellowlagoon46,mellowlagoon46@acme.dev,2024-05-08 14:30:15
335,clearisland13,clearisland13@relay.cloud,2025-02-18 04:25:14
336,livelysignal45,livelysignal45@opswise.net,2024-02-28 12:18:20
337,amberjourney18,amberjourney18@seeded.app,2025-09-28 08:35:58
338,rapidisland15,rapidisland15@relay.cloud,2025-05-10 06:41:32
339,tidypioneer65,tidypioneer65@opswise.net,2025-07-04 11:57:01
340,clearquartz01,clearquartz01@relay.cloud,2024-08-19 11:13:23
341,quietquartz99,quietquartz99@hackstack.io,2024-10-14 18:44:39
342,warmnetwork32,warmnetwork32@relay.cloud,2026-01-18 10:24:52
343,livelyisland53,livelyisland53@seeded.app,2024-12-06 10:56:49
344,calmuplink60,calmuplink60@example.com,2025-01-08 16:22:51
345,jadeuplink62,jadeuplink62@hackstack.io,2025-08-15 01:39:17
346,jadepioneer54,jadepioneer54@example.com,2024-02-15 16:12:43
347,youngjourney87,youngjourney87@opswise.net,2026-01-09 20:02:25
348,warmyard09,warmyard09@example.com,2025-02-17 21:16:19
349,harborkernel53,harborkernel53@seeded.app,2024-01-30 09:57:42
350,briskvalley63,briskvalley63@relay.cloud,2024-06-22 23:30:44
351,jadegarden29,jadegarden29@example.com,2024-02-08 05:39:56
352,clearkernel61,clearkernel61@hackstack.io,2024-12-14 10:55:56
353,calmnetwork25,calmnetwork25@hackstack.io,2024-05-26 12:11:46
354,goldgarden34,goldgarden34@seeded.app,2025-05-15 06:09:01
355,calmvalley70,calmvalley70@hackstack.io,2025-08-11 08:47:22
356,mellowbeacon90,mellowbeacon90@opswise.net,2024-09-29 03:05:00
357,navytrail78,navytrail78@opswise.net,2025-12-07 21:03:10
358,quietengine88,quietengine88@acme.dev,2025-09-16 03:21:32
359,tidyquartz37,tidyquartz37@acme.dev,2025-09-12 10:37:28
360,briskcanyon13,briskcanyon13@acme.dev,2025-05-14 11:25:18
361,jademeadow90,jademeadow90@hackstack.io,2025-10-22 08:13:23
362,mellowquartz95,mellowquartz95@acme.dev,2024-02-27 18:29:37
363,rapidjourney46,rapidjourney46@relay.cloud,2024-04-21 11:03:13
364,silverkernel88,silverkernel88@example.com,2024-06-28 20:30:14
365,jadeorbit99,jadeorbit99@acme.dev,2024-03-25 17:25:57
366,mellowlagoon80,mellowlagoon80@example.com,2024-03-29 13:32:44
367,silverisland49,silverisland49@seeded.app,2024-11-16 16:17:36
368,tidyengine55,tidyengine55@opswise.net,2025-01-15 12:06:52
369,goldvalley70,goldvalley70@acme.dev,2024-09-03 10:36:27
370,youngmeadow40,youngmeadow40@opswise.net,2025-04-03 04:02:00
371,clearisland54,clearisland54@relay.cloud,2025-12-22 14:34:28
372,ivoryharvest87,ivoryharvest87@hackstack.io,2025-07-13 10:16:46
373,warmriver63,warmriver63@opswise.net,2025-06-28 00:29:10
374,cobaltmeadow77,cobaltmeadow77@hackstack.io,2024-11-27 05:03:05
375,youngyard11,youngyard11@example.com,2025-06-17 20:07:28
376,melloworbit95,melloworbit95@hackstack.io,2024-02-08 05:56:07
377,opaljourney15,opaljourney15@opswise.net,2025-08-25 05:07:23
378,proudmeadow10,proudmeadow10@relay.cloud,2024-09-09 18:08:52
379,ivorycanyon43,ivorycanyon43@example.com,2024-01-22 18:08:00
380,silverbeacon09,silverbeacon09@seeded.app,2025-03-15 03:36:48
381,embervalley65,embervalley65@opswise.net,2025-12-20 07:21:24
382,livelylagoon79,livelylagoon79@example.com,2025-01-31 01:20:15
383,brisknetwork17,brisknetwork17@relay.cloud,2024-06-09 18:07:54
384,jadeisland66,jadeisland66@opswise.net,2025-07-07 15:40:46
385,quietdelta37,quietdelta37@relay.cloud,2024-06-24 18:03:17
386,mellowyard34,mellowyard34@relay.cloud,2024-09-10 18:10:27
387,cobaltengine89,cobaltengine89@relay.cloud,2025-10-15 02:18:41
388,warmengine40,warmengine40@acme.dev,2024-10-12 01:40:40
389,warmmeadow59,warmmeadow59@acme.dev,2025-03-18 18:23:18
390,amberbeacon97,amberbeacon97@seeded.app,2024-08-13 05:28:17
391,ivorytrail25,ivorytrail25@opswise.net,2024-08-22 12:26:48
392,quietsignal00,quietsignal00@example.com,2025-05-04 13:53:21
393,navyvalley09,navyvalley09@seeded.app,2025-04-16 16:53:38
394,clearisland67,clearisland67@hackstack.io,2025-04-23 11:40:58
395,goldriver09,goldriver09@acme.dev,2026-01-01 13:01:10
396,proudkernel55,proudkernel55@hackstack.io,2024-06-15 03:53:29
397,vividpioneer08,vividpioneer08@opswise.net,2025-06-17 02:24:18
398,cobaltwindow09,cobaltwindow09@relay.cloud,2024-12-04 07:48:53
399,cobaltdelta67,cobaltdelta67@opswise.net,2025-06-04 01:26:23
400,mellowsignal39,mellowsignal39@opswise.net,2025-03-08 06:03:08
